job_title,resume_text,score
Data Scientist,"**John Doe**  
1234 Elm Street, Apt 56  
Springfield, IL 62701  
Email: johndoe@email.com  
Phone: (555) 123-4567  

---

**Experience**

**Data Entry Clerk**  
XYZ Corporation, Springfield, IL  
June 2020 - Present  
- Entered data into company databases with an accuracy rate of 85%.
- Assisted in organizing files and documents for easy retrieval.
- Collaborated with team members to ensure data integrity.

**Customer Service Representative**  
ABC Retail, Springfield, IL  
January 2018 - May 2020  
- Provided customer support via phone and email.
- Resolved customer complaints and issues in a timely manner.
- Maintained a customer satisfaction score of 70%.

---

**Education**

**Bachelor of Arts in History**  
Springfield University, Springfield, IL  
Graduated: May 2017  

---

**Projects**

- **Basic Excel Data Analysis**  
  - Conducted a simple analysis of sales data using Excel.
  - Created basic charts to visualize data trends.

---

**Skills**

- Microsoft Excel (Basic)
- Data Entry
- Customer Service
- Communication

---

**Others**

- Volunteer at Local Animal Shelter
- Member of Springfield Book Club

---

**Note:** This resume lacks the necessary skills and experience for a Data Scientist role, such as programming languages (Python, R), machine learning, statistical analysis, and relevant projects or internships. The structure is basic, and the content is not tailored to the data science field.",1
Data Analyst,"**John Doe**  
123 Main Street, Anytown, USA  
(123) 456-7890  
johndoe@email.com  
www.linkedin.com/in/johndoe

---

**Summary**  
(Generated 10% chance)  
Aspiring Data Analyst with a foundational understanding of data analysis techniques and tools. Eager to apply analytical skills to drive business insights and support decision-making processes.

---

**Experience**

**Junior Data Analyst**  
XYZ Corporation, Anytown, USA  
June 2021 - Present  
- Assisted in data collection and cleaning processes for various projects.
- Conducted basic data analysis using Excel and SQL to support senior analysts.
- Participated in team meetings to discuss data findings and insights.

**Intern - Data Analysis**  
ABC Solutions, Anytown, USA  
January 2021 - May 2021  
- Supported the data team in organizing and maintaining data sets.
- Performed entry-level data visualization tasks using Tableau.
- Contributed to the preparation of reports for internal stakeholders.

---

**Education**

**Bachelor of Science in Information Technology**  
Anytown University, Anytown, USA  
Graduated: May 2020  
- Relevant Coursework: Introduction to Data Science, Statistics, Database Management

---

**Projects**

**Sales Data Analysis Project**  
- Analyzed sales data to identify trends and patterns using Excel.
- Created basic visualizations to present findings to the project team.

---

**Skills**

- Basic proficiency in SQL and Excel
- Introductory knowledge of Tableau
- Understanding of data cleaning and preparation
- Familiarity with statistical analysis

---

**Others**

- Member of the Data Science Club at Anytown University
- Attended a workshop on Data Visualization Techniques

---

**Notes on Rating:**

- **Partial Match to Required Skills:** The resume shows some relevant skills like basic proficiency in SQL and Excel, but lacks advanced data analysis tools and techniques.
- **Some Relevant Experience:** Experience is limited to entry-level roles with basic responsibilities, lacking depth in data analysis.
- **Moderate Clarity:** The resume is generally clear but lacks detailed achievements or impact statements.
- **Minor Errors:** The structure is basic and lacks strong formatting elements that could enhance readability.",5
Machine Learning Engineer,"**Johnathan A. Smith**  
[Email: johnathan.smith@email.com](mailto:johnathan.smith@email.com) | [Phone: (123) 456-7890](tel:+11234567890)  
[LinkedIn: linkedin.com/in/johnathansmith](https://linkedin.com/in/johnathansmith) | [GitHub: github.com/johnathansmith](https://github.com/johnathansmith)  

---

**Summary**  
Machine Learning Engineer with over 7 years of experience in developing and deploying scalable machine learning models. Proven track record in enhancing predictive accuracy and optimizing algorithms for performance. Passionate about leveraging data-driven insights to solve complex problems and drive business growth.

---

**Experience**  

**Senior Machine Learning Engineer**  
Tech Innovations Inc., San Francisco, CA  
*June 2018 – Present*  

- Led a team of 5 in the development of a recommendation engine that increased user engagement by 30% through personalized content delivery.
- Designed and implemented a fraud detection system using ensemble learning techniques, reducing false positives by 25%.
- Spearheaded the migration of machine learning models to a cloud-based infrastructure, improving model deployment speed by 40%.
- Collaborated with cross-functional teams to integrate machine learning solutions into existing products, enhancing functionality and user experience.

**Machine Learning Engineer**  
Data Solutions Corp., New York, NY  
*August 2015 – May 2018*  

- Developed and optimized machine learning algorithms for predictive analytics, achieving a 20% improvement in accuracy.
- Implemented natural language processing (NLP) techniques to analyze customer feedback, leading to a 15% increase in customer satisfaction.
- Automated data preprocessing pipelines, reducing data preparation time by 50%.
- Conducted A/B testing to validate model performance, ensuring robust and reliable outcomes.

---

**Education**  

**Master of Science in Computer Science**  
Stanford University, Stanford, CA  
*Graduated: May 2015*  

**Bachelor of Science in Computer Engineering**  
University of California, Berkeley, CA  
*Graduated: May 2013*  

---

**Projects**  

**Real-Time Sentiment Analysis Tool**  
- Developed a real-time sentiment analysis tool using Python and TensorFlow, capable of processing social media data streams to provide instant sentiment feedback.
- Achieved 92% accuracy in sentiment classification, aiding marketing teams in campaign adjustments.

**Automated Image Classification",10
Software Engineer,"**John Doe**  
1234 Elm Street, Apt 56  
Springfield, IL 62701  
(555) 123-4567  
john.doe@email.com  
[LinkedIn Profile](https://www.linkedin.com/in/johndoe)  

---

**Experience**

**Junior Software Developer**  
Tech Solutions Inc., Springfield, IL  
June 2021 - Present  
- Assisted in the development of web applications using JavaScript and HTML.
- Participated in code reviews and contributed to team meetings.
- Worked on bug fixes and minor feature enhancements for existing applications.

**Intern**  
Innovative Tech, Springfield, IL  
January 2021 - May 2021  
- Supported the software development team in testing and debugging applications.
- Gained exposure to Agile methodologies and participated in daily stand-ups.

---

**Education**

**Bachelor of Science in Computer Science**  
Springfield University, Springfield, IL  
Graduated: May 2021  

---

**Projects**

**Personal Portfolio Website**  
- Developed a personal portfolio website using HTML, CSS, and basic JavaScript.
- Showcased personal projects and skills.

---

**Skills**

- Basic knowledge of JavaScript, HTML, and CSS
- Familiarity with version control systems like Git
- Understanding of software development lifecycle

---

**Others**

- Attended a workshop on Agile methodologies
- Member of the university coding club

---

**Notes:**

- The resume lacks depth in experience, with only entry-level positions and an internship.
- Skills section is limited and does not include advanced programming languages or frameworks.
- The project section is minimal, with only a basic personal project listed.
- The resume structure is simple and lacks a summary, which could provide a clearer overview of the candidate's goals and strengths.
- Minor grammatical errors and inconsistencies in bullet point formatting.",4
Frontend Developer,"**John Doe**  
1234 Elm Street, Apt 56  
Springfield, IL 62704  
Email: johndoe@email.com  
Phone: (555) 123-4567  

---

**Experience**

**Web Developer Intern**  
Tech Solutions Inc., Springfield, IL  
June 2022 - August 2022  
- Assisted in updating the company website.
- Worked on minor bug fixes.
- Participated in team meetings.

**Education**

**Bachelor of Arts in History**  
Springfield University, Springfield, IL  
Graduated: May 2021  

---

**Projects**

- **Personal Blog**  
  - Created a basic blog using WordPress.
  - Occasionally updated content.

---

**Skills**

- Basic HTML
- Familiar with CSS
- Beginner in JavaScript

---

**Others**

- Attended a local coding bootcamp for two weeks.
- Volunteered at a community center, helping with computer setup.

---

**Note:** This resume reflects a 3/10 rating due to the lack of relevant skills and experience for a Frontend Developer role. The structure is unclear, with minimal achievements and poor formatting.",3
Backend Developer,"**John Doe**  
[Email: johndoe@example.com](mailto:johndoe@example.com) | [Phone: (123) 456-7890](tel:1234567890)  
[LinkedIn: linkedin.com/in/johndoe](https://linkedin.com/in/johndoe) | [GitHub: github.com/johndoe](https://github.com/johndoe)  

---

**Summary**  
Backend Developer with over 4 years of experience in designing and implementing scalable web applications. Proficient in Python and Java, with a strong understanding of database management and API development. Seeking to leverage expertise in a challenging backend development role.

---

**Experience**  

**Backend Developer**  
Tech Solutions Inc., New York, NY  
*June 2020 – Present*  
- Developed and maintained RESTful APIs using Python and Flask, improving data retrieval efficiency by 30%.
- Collaborated with front-end developers to integrate user-facing elements with server-side logic.
- Implemented caching strategies that reduced server load by 20%.
- Conducted code reviews and provided mentorship to junior developers.

**Junior Backend Developer**  
Innovatech Corp., Boston, MA  
*July 2018 – May 2020*  
- Assisted in the development of backend components for a large-scale e-commerce platform.
- Utilized Java and Spring Boot to build and maintain microservices.
- Participated in database design and optimization, contributing to a 15% increase in query performance.
- Wrote unit and integration tests to ensure code quality and reliability.

---

**Education**  

**Bachelor of Science in Computer Science**  
University of California, Berkeley, CA  
*Graduated: May 2018*  

---

**Projects**  

**E-commerce API Development**  
- Designed and implemented a scalable API for an online retail platform, handling over 10,000 requests per minute.
- Integrated third-party payment gateways and enhanced security protocols.

**Real-time Chat Application**  
- Developed a real-time chat application using Node.js and WebSocket, supporting over 500 concurrent users.
- Implemented user authentication and message encryption for secure communication.

---

**Skills**  
- Programming Languages: Python, Java, JavaScript
- Frameworks: Flask, Spring Boot, Node.js
- Databases: MySQL, PostgreSQL, MongoDB
- Tools: Git, Docker, Jenkins
- Other: RESTful API Development, Microservices Architecture,",7
DevOps Engineer,"**John Doe**  
[Email: johndoe@example.com](mailto:johndoe@example.com) | [Phone: (123) 456-7890](tel:1234567890)  
[LinkedIn: linkedin.com/in/johndoe](https://linkedin.com/in/johndoe) | [GitHub: github.com/johndoe](https://github.com/johndoe)  

---

**Summary**  
DevOps Engineer with over 5 years of experience in automating and optimizing mission-critical deployments in AWS, leveraging configuration management, CI/CD, and DevOps processes. Adept at collaborating with development and operations teams to streamline workflows and improve system reliability.

---

**Experience**  

**DevOps Engineer**  
Tech Solutions Inc., New York, NY  
*June 2020 – Present*  
- Implemented CI/CD pipelines using Jenkins, reducing deployment time by 40%.
- Managed AWS infrastructure with Terraform, achieving a 30% cost reduction through optimized resource allocation.
- Collaborated with development teams to integrate automated testing, improving code quality and reducing bugs by 25%.
- Monitored system performance and reliability using Prometheus and Grafana, leading to a 20% decrease in downtime.

**Systems Administrator**  
Innovatech Corp., Boston, MA  
*January 2017 – May 2020*  
- Maintained and supported Linux-based server environments, ensuring 99.9% uptime.
- Automated routine tasks using Bash and Python scripts, increasing team productivity by 15%.
- Assisted in the migration of on-premises applications to AWS, enhancing scalability and performance.

---

**Education**  

**Bachelor of Science in Computer Science**  
University of California, Berkeley  
*Graduated: May 2016*  

---

**Projects**  

**Automated Deployment System**  
- Developed an automated deployment system using Ansible and Docker, reducing deployment errors by 50%.
- Integrated with Jenkins for continuous integration, enabling seamless updates and rollbacks.

---

**Skills**  
- **Cloud Platforms:** AWS, Azure  
- **Configuration Management:** Ansible, Puppet  
- **CI/CD Tools:** Jenkins, GitLab CI  
- **Containerization:** Docker, Kubernetes  
- **Scripting Languages:** Bash, Python  
- **Monitoring Tools:** Prometheus, Grafana  
- **Version Control:** Git  

---

**Certifications**  
- AWS Certified Solutions Architect – Associate  
- Certified Kubernetes Administrator (CKA",8
Mobile Developer,"**John Doe**  
1234 Elm Street, Apt 56  
Springfield, IL 62704  
Email: johndoe@email.com  
Phone: (555) 123-4567  

---

**Experience**

**Junior Developer**  
Tech Solutions Inc., Springfield, IL  
January 2022 - Present  
- Worked on various projects with the team.
- Assisted in developing mobile applications.
- Participated in meetings.

**Intern**  
Web Startups, Springfield, IL  
June 2021 - December 2021  
- Helped with basic coding tasks.
- Observed senior developers.

---

**Education**

**Bachelor of Arts in General Studies**  
Springfield University, Springfield, IL  
Graduated: May 2021  

---

**Projects**

- **Simple Calculator App**  
  - Created a basic calculator app for Android as a personal project.
  - Used Java for development.

---

**Skills**

- Basic understanding of Java
- Familiar with Android Studio
- Teamwork

---

**Others**

- Attended a workshop on mobile app development.

---

**Note:** This resume reflects a 2/10 rating due to its lack of specific mobile development skills, minimal relevant experience, and unclear structure. The education is not directly related to the field, and the project section is sparse. The skills listed are basic and do not demonstrate depth in mobile development.",2
Cybersecurity Analyst,"**John Doe**  
123 Main Street, Anytown, USA  
Email: johndoe@email.com  
Phone: (555) 123-4567  

---

**Experience**

**Retail Associate**  
Generic Store, Anytown, USA  
June 2020 - Present  
- Assisted customers with purchases and inquiries.
- Managed inventory and restocked shelves.
- Operated cash register and handled transactions.

**Intern**  
Local Library, Anytown, USA  
January 2019 - May 2020  
- Shelved books and maintained library organization.
- Assisted patrons with locating materials.
- Supported library events and activities.

---

**Education**

**Anytown Community College**  
Associate of Arts  
Graduated: May 2020  

---

**Projects**

- **Basic Website Creation**  
  Created a simple personal website using a free online platform.  
  - Utilized basic HTML and CSS.

---

**Skills**

- Customer Service
- Basic Computer Skills
- Teamwork
- Communication

---

**Others**

- Volunteer at Local Animal Shelter
- Member of College Book Club

---

**Note:** This resume lacks the necessary skills and experience for a Cybersecurity Analyst role. It does not include any relevant cybersecurity skills, certifications, or experience. The structure is basic, and the content is not tailored to the desired position.",1
Product Manager,"**Full Name:** Alex Johnson  
**Contact Details:**  
Email: alex.johnson@email.com  
Phone: (123) 456-7890  
LinkedIn: linkedin.com/in/alexjohnson  

---

**Summary:**  
(Generated with a 10% chance)  
Dynamic and results-driven Product Manager with over 5 years of experience in leading cross-functional teams to deliver innovative solutions. Adept at managing product lifecycles from concept to launch, with a focus on enhancing user experience and driving business growth.

---

**Experience:**  

**Product Manager**  
Tech Innovators Inc., San Francisco, CA  
*June 2020 – Present*  
- Spearheaded the development and launch of a new SaaS product, resulting in a 30% increase in customer acquisition within the first year.
- Collaborated with engineering, design, and marketing teams to define product vision and roadmap.
- Conducted market research and competitive analysis to identify opportunities for product differentiation.
- Managed a team of 5 product specialists, fostering a collaborative and high-performance work environment.

**Associate Product Manager**  
Digital Solutions Co., San Francisco, CA  
*January 2017 – May 2020*  
- Assisted in the development and execution of product strategies for a suite of digital tools.
- Coordinated with stakeholders to gather requirements and prioritize features based on customer feedback.
- Played a key role in the successful launch of a mobile application, achieving a 4.5-star rating on app stores.
- Analyzed user data to inform product enhancements and improve user engagement.

---

**Education:**  

**Bachelor of Science in Business Administration**  
University of California, Berkeley  
*Graduated: May 2016*  
- Relevant Coursework: Product Management, Marketing Strategy, Data Analysis

---

**Project:**  

**E-commerce Platform Enhancement**  
- Led a project to enhance the user interface of an existing e-commerce platform, resulting in a 20% increase in user retention.
- Collaborated with UX designers to implement user-friendly features and streamline the checkout process.

---

**Skills:**  
- Product Lifecycle Management  
- Market Research and Analysis  
- Cross-functional Team Leadership  
- Agile Methodologies  
- User Experience (UX) Design  
- Data-driven Decision Making  

---

**Others:**  
- Certified Scrum Master (CSM)  
- Proficient in JIRA, Trello, and Asana  
- Basic knowledge of HTML and CSS  

---

**Rating Justification:**",7
Full Stack Developer,"**John Doe**  
1234 Elm Street, Apt 56  
Springfield, IL 62704  
Email: johndoe@email.com  
Phone: (555) 123-4567  
LinkedIn: linkedin.com/in/johndoe  

---

**Summary**  
(10% chance generated)  
Aspiring Full Stack Developer with a foundational understanding of web development technologies and a passion for learning. Seeking to leverage skills in a dynamic development environment.

---

**Experience**  

**Junior Web Developer**  
Tech Solutions Inc., Springfield, IL  
June 2021 - Present  
- Assisted in the development of front-end components using HTML, CSS, and JavaScript.
- Collaborated with senior developers to troubleshoot and resolve minor bugs.
- Participated in weekly team meetings to discuss project progress and challenges.

**Intern**  
Web Innovators, Springfield, IL  
January 2021 - May 2021  
- Gained exposure to basic back-end development using Node.js.
- Supported the team in maintaining and updating website content.
- Conducted research on emerging web technologies and presented findings to the team.

---

**Education**  

**Bachelor of Science in Computer Science**  
Springfield University, Springfield, IL  
Graduated: May 2021  

---

**Projects**  

**Personal Portfolio Website**  
- Developed a personal portfolio website to showcase projects and skills using HTML, CSS, and basic JavaScript.
- Implemented responsive design principles to ensure compatibility across devices.

---

**Skills**  
- Basic knowledge of HTML, CSS, JavaScript
- Familiarity with Node.js
- Understanding of responsive design
- Basic problem-solving skills

---

**Others**  
- Attended a local web development workshop in 2020.
- Member of the university coding club.

---

**Note:** This resume reflects a partial match to the required skills for a Full Stack Developer role, with some relevant experience and moderate clarity. The candidate has basic front-end skills and limited back-end exposure, with minor errors in formatting and structure.",5
Cloud Architect,"**John Doe**  
1234 Elm Street, Anytown, USA  
Email: johndoe@email.com  
Phone: (123) 456-7890  
LinkedIn: linkedin.com/in/johndoe

---

**Summary**  
(10% chance of being generated)  
A motivated individual seeking to transition into the field of cloud architecture. Passionate about technology and eager to learn.

---

**Experience**

**IT Support Specialist**  
Tech Solutions Inc., Anytown, USA  
January 2020 - Present  
- Assisted in troubleshooting hardware and software issues for end-users.
- Provided basic network support and maintenance.
- Managed inventory of IT equipment and supplies.

**Intern**  
Local Computer Repair Shop, Anytown, USA  
June 2019 - December 2019  
- Shadowed senior technicians in repairing and maintaining computers.
- Gained exposure to basic networking concepts.

---

**Education**

**Bachelor of Arts in History**  
Anytown University, Anytown, USA  
Graduated: May 2018

---

**Project**

**Personal Website Development**  
- Created a personal website using a website builder to showcase resume and contact information.
- Basic understanding of HTML and CSS.

---

**Skills**

- Basic computer troubleshooting
- Customer service
- Microsoft Office Suite
- HTML and CSS (beginner level)

---

**Others**

- Volunteer at local community center, assisting with computer literacy classes.
- Member of the Anytown Book Club.

---

**Note:** This resume reflects a 3/10 rating due to the lack of relevant cloud architecture skills, minimal experience in the field, and a degree unrelated to technology. The structure is basic, and there are grammar issues such as inconsistent capitalization. The experience section lacks depth and relevance to the desired role.",3
Database Administrator,"**John Doe**  
123 Main Street, Anytown, USA  
(555) 123-4567  
johndoe@email.com  
www.linkedin.com/in/johndoe

---

**Summary**  
(Generated 10% chance)  
Motivated IT professional with a basic understanding of database management and a keen interest in developing skills as a Database Administrator. Seeking to leverage foundational knowledge in a challenging role.

---

**Experience**

**Junior IT Support Specialist**  
Tech Solutions Inc., Anytown, USA  
June 2021 - Present  
- Assisted in maintaining company databases, ensuring data integrity and security.
- Provided technical support to end-users, resolving issues related to software and hardware.
- Collaborated with senior IT staff on minor database updates and backups.

**Intern - IT Department**  
Anytown University, Anytown, USA  
January 2020 - May 2021  
- Gained exposure to database management systems and basic SQL queries.
- Assisted in the documentation of database processes and procedures.
- Supported the IT team in daily operations and troubleshooting tasks.

---

**Education**

**Bachelor of Science in Information Technology**  
Anytown University, Anytown, USA  
Graduated: May 2021  
- Relevant Coursework: Introduction to Databases, Computer Networks, Basic Programming

---

**Project**

**Student Database Management System**  
- Developed a simple database management system for tracking student records as part of a university project.
- Utilized basic SQL for data retrieval and manipulation.
- Project received satisfactory feedback from faculty for meeting basic requirements.

---

**Skills**

- Basic knowledge of SQL
- Familiarity with database management systems (e.g., MySQL, PostgreSQL)
- Problem-solving skills
- Basic understanding of data security principles
- Proficient in Microsoft Office Suite

---

**Others**

- Member of the IT Club at Anytown University
- Participated in a workshop on database fundamentals

---

**Note:** This resume reflects a partial match to the required skills for a Database Administrator role, with some relevant experience and moderate clarity. The candidate has basic exposure to database management but lacks depth in experience and advanced skills. The structure is simple, with minor errors in formatting and grammar.",5
Systems Analyst,"**John Doe**  
123 Main Street, Anytown, USA  
(555) 123-4567  
john.doe@email.com  
[LinkedIn Profile](https://www.linkedin.com/in/johndoe)

---

**Summary**  
(Generated by chance)  
Detail-oriented Systems Analyst with over 3 years of experience in IT systems management and analysis. Adept at identifying system inefficiencies and implementing effective solutions. Seeking to leverage expertise in a challenging Systems Analyst role.

---

**Experience**

**Systems Analyst**  
Tech Solutions Inc., Anytown, USA  
June 2020 - Present  

- Conducted system analysis and design for small-scale projects, contributing to a 10% increase in system efficiency.
- Assisted in the development of system documentation and user manuals, ensuring clarity and usability.
- Collaborated with cross-functional teams to troubleshoot and resolve system issues, reducing downtime by 5%.
- Participated in the testing and implementation of new systems, though lacked exposure to large-scale enterprise systems.

**IT Support Specialist**  
Innovatech Corp., Anytown, USA  
January 2018 - May 2020  

- Provided technical support and troubleshooting for end-users, achieving a 90% satisfaction rate.
- Assisted in the maintenance and upgrade of IT systems, though primarily focused on hardware rather than software systems.
- Documented technical issues and solutions, contributing to the knowledge base.

---

**Education**

**Bachelor of Science in Information Technology**  
State University, Anytown, USA  
Graduated: May 2017  

- Relevant coursework: Database Management, Network Security, Systems Analysis and Design
- Minor in Business Administration

---

**Project**

**Inventory Management System Upgrade**  
Tech Solutions Inc.  
- Contributed to the upgrade of the company's inventory management system, resulting in a 15% improvement in inventory tracking accuracy.
- Role was limited to data entry and basic system testing, with minimal involvement in the design phase.

---

**Skills**

- System Analysis and Design
- Technical Documentation
- Basic SQL and Database Management
- Troubleshooting and Problem Solving
- Limited experience with Enterprise Resource Planning (ERP) systems

---

**Others**

- Certified in ITIL Foundation (2019)
- Basic knowledge of Python programming

---

**Note:** This resume reflects a partial match to the Systems Analyst role, with some relevant experience and skills. However, it lacks depth in large-scale system implementation and advanced technical skills, which are often",6
Business Analyst,"**John Doe**  
1234 Elm Street, Anytown, USA  
Email: johndoe@email.com  
Phone: (123) 456-7890  

---

**Experience**

**Cashier**  
SuperMart, Anytown, USA  
June 2020 - Present  
- Handled cash transactions and provided customer service.
- Assisted in stocking shelves and maintaining store cleanliness.

**Intern**  
Local Community Center, Anytown, USA  
January 2020 - May 2020  
- Helped organize community events.
- Performed basic data entry tasks.

---

**Education**

**Anytown Community College**  
Associate of Arts in General Studies  
Graduated: May 2020  

---

**Project**

**Personal Budget Tracker**  
- Created a simple Excel spreadsheet to track personal expenses.
- Used basic formulas to calculate monthly spending.

---

**Skills**

- Microsoft Word
- Basic Excel
- Customer Service

---

**Others**

- Volunteer at local animal shelter on weekends.

---

**Note:** This resume lacks the necessary skills and experience for a Business Analyst role. It does not demonstrate any relevant analytical skills, experience with data analysis tools, or business-related education. The structure is basic, and the content is not tailored to the desired position.",2
QA Engineer,"**John Doe**  
1234 Elm Street, Apt 56  
Springfield, IL 62704  
Phone: 555-123-4567  
Email: johndoe@email.com  

---

**Experience**

**Junior Assistant at Local Grocery Store**  
Springfield, IL  
June 2020 - August 2020  
- Assisted with stocking shelves and organizing inventory.
- Provided customer service and handled cash register operations.

**Intern at Springfield Library**  
Springfield, IL  
January 2019 - May 2019  
- Helped with cataloging books and maintaining library records.
- Assisted visitors with finding resources and using library computers.

---

**Education**

**Springfield Community College**  
Associate of Arts in General Studies  
Graduated: May 2021  

---

**Project**

**Personal Blog Development**  
- Created a personal blog using a free website builder.
- Occasionally posted articles about personal interests.

---

**Skills**

- Basic computer skills
- Familiarity with Microsoft Office
- Good communication skills

---

**Others**

- Volunteer at local animal shelter on weekends.
- Enjoys reading and hiking in free time.

---

**Note:** This resume lacks specific QA skills, relevant experience in quality assurance, and technical expertise. The structure is basic, and the content does not align with the requirements of a QA Engineer role.",2
